{
    "accuracy": 0.47058823529411764,
    "precision_weighted": 0.6096493769921763,
    "recall_weighted": 0.47058823529411764,
    "f1_score_weighted": 0.49495709488869555,
    "roc_auc": 0.7969835439000523,
    "pr_auc": 0.3905110009372601,
    "mcc": 0.24584498065762517
}