{
    "accuracy": 0.5294117647058824,
    "precision_weighted": 0.6100922722029988,
    "recall_weighted": 0.5294117647058824,
    "f1_score_weighted": 0.5642094587381231,
    "roc_auc": 0.7079676121896237,
    "pr_auc": 0.33799007711492784,
    "mcc": 0.25473966472106413
}