{
    "accuracy": 0.5441176470588235,
    "precision_weighted": 0.6178942165101334,
    "recall_weighted": 0.5441176470588235,
    "f1_score_weighted": 0.5684301584410854,
    "roc_auc": 0.7419199413981197,
    "pr_auc": 0.35669781953559393,
    "mcc": 0.2903467196793052
}