{
    "accuracy": 0.5735294117647058,
    "precision_weighted": 0.5386029411764706,
    "recall_weighted": 0.5735294117647058,
    "f1_score_weighted": 0.5513305322128851,
    "roc_auc": 0.6841857366050914,
    "pr_auc": 0.34269057260394975,
    "mcc": 0.19015567112928172
}